time,A
0.0,8.4269169920334068
5.0,9.7564995571314377
10.0,8.1692082452399966
15.0,1.4979150132381154
20.0,11.565979999546453
25.0,-4.6749739382786419
30.0,-6.2126236903888987
40.0,11.411183163991266
50.0,21.237428815514882
60.0,0.61336055425150349
80.0,13.340482676810204
nan,nan
