time,A
0.0,15.409497488954511
5.0,6.7216417405028945
10.0,8.0973730874938266
15.0,4.808738011260818
20.0,7.7621794243353017
25.0,7.6084888156938462
30.0,1.3923956184315087
40.0,14.378602454421008
50.0,14.662017945305461
60.0,8.7126209292483239
80.0,6.0522851826161954
nan,nan
