time,A
0.0,11.773682769513053
5.0,9.0945093622363817
10.0,9.9646725378783003
15.0,7.2162435143684949
20.0,5.6209367875418694
25.0,6.7333551964167695
30.0,4.6217293035438258
40.0,12.020144420892724
50.0,13.764738295202164
60.0,7.3680205189986747
80.0,9.4566959266918182
nan,nan
