time,A
0.0,10.888860431338372
5.0,9.7864027094812425
10.0,9.5896999051958485
15.0,9.5831451817670708
20.0,4.3518410732039481
25.0,6.1813072531301252
30.0,4.1091212061915492
40.0,13.736537110282342
50.0,11.905668962874573
60.0,8.1454634822734704
80.0,9.4030212456689917
nan,nan
