time,A
0.0,24.356576233600876
5.0,-20.161906566249598
10.0,16.959840746560864
15.0,15.866575675444583
20.0,21.756029636804961
25.0,11.407045776435712
30.0,23.320643554163677
40.0,6.6871040582667813
50.0,26.479535738781237
60.0,18.006292431543791
80.0,1.1830926731685274
nan,nan
