time,A
0.0,14.330371727149377
5.0,19.010254486865598
10.0,20.585277634995663
15.0,10.649059489879086
20.0,-0.62725879301979148
25.0,7.7187289716558194
30.0,-0.34242265622427048
40.0,8.760968227305149
50.0,13.862389488773074
60.0,3.8364113937359745
80.0,11.388995293126328
nan,nan
